"id","foodmenuname","foodcategoryId","foodingredientId","salesprice","vatId","description","vegitem","beverage","bar","photo"
"659e5f0143c4227e736e4db4","KARAK TEA","659e5b4243c4227e736e4d62","[""[\""655ef6721532830df6b987bb\""]""]","1","655ef1cfb3999d1add24f83e","Fa","yes","yes","yes","imgae-1702717596398. 1.jpg"
"659e5f0143c4227e736e4db7","BLACK TEA","659e5b4243c4227e736e4d62","[""[\""655ef6721532830df6b987bb\""]""]","1","655ef1cfb3999d1add24f83e","ggg","yes","yes","yes","imgae-1702717667601. login.png"
"659e5f0143c4227e736e4dba","GREEN TEA","659e5b4243c4227e736e4d62","[""[\""655ef6721532830df6b987bb\""]""]","1","655ef1b7b3999d1add24f83e","ggg","no","no","no","imgae-1702717698416. print.png"
"659e5f0143c4227e736e4dbd","FRESH MILK TEA","659e5b4243c4227e736e4d62","[""[\""655ef5c61532830df6b987ae\""]""]","2","655ef1cfb3999d1add24f83e","undefined","no","no","no","imgae-1704185465013. Rectangle 35.png"
"659e5f0143c4227e736e4dc0","LEMON TEA","659e5b4243c4227e736e4d62","[""[\""655ef6721532830df6b987bb\""]""]","2","655ef1b7b3999d1add24f83e","ggg","no","no","no","imgae-1704185580956. 2.jpg"
"659e5f0143c4227e736e4dc3","GINGER TEA","659e5b4243c4227e736e4d62","[""[\""655ef6721532830df6b987bb\""]""]","2","655ef1b7b3999d1add24f83e","ggg","no","no","no","imgae-1704185630795. 806701b3-67a1-4f07-ad90-848612a9624f.jpg"
"659e5f0243c4227e736e4dc6","FRESH MILK","659e5b4243c4227e736e4d62","[""[\""655ef6721532830df6b987bb\""]""]","2","655ef1cfb3999d1add24f83e","ggg","no","no","no","imgae-1704185675042. 89263826-c061-4bbe-9c6c-8e8c5273fcb8.jpg"
"659e5f0243c4227e736e4dc9","KARAK ZAFRAN","659e5b4243c4227e736e4d62","[""[\""655ef6041532830df6b987b6\""]""]","2","655ef1cfb3999d1add24f83e","vbb","no","no","no","imgae-1704185719234. Home page banner 1 (1).png"
"659e5f0243c4227e736e4dcc","BLACK COFFEE","659e5b4243c4227e736e4d62","[""[\""655ef6721532830df6b987bb\""]""]","2","655ef1cfb3999d1add24f83e","vvv","no","no","no","imgae-1704185771354. Rectangle 38.png"
"659e5f0243c4227e736e4dcf","CHUCK COFFEE","659e5b4243c4227e736e4d62","[""[\""655ef6721532830df6b987bb\""]""]","2","655ef1cfb3999d1add24f83e","CHICKEN PEPPER MASALA","no","no","no","imgae-1704185830329. Rectangle 48.png"
"659e5f0243c4227e736e4dd2","MILK COFFEE","659e5b4243c4227e736e4d62","[""[\""655ef6721532830df6b987bb\""]""]","3","655ef1cfb3999d1add24f83e","DAL PALAK","yes","no","no","imgae-1704185875694. Home page banner 1 (1).png"
"659e5f0243c4227e736e4dd5","BOOST","659e5b4243c4227e736e4d62","[""[\""655ef6721532830df6b987bb\""]""]","3","655ef1cfb3999d1add24f83e","EGG ROAST (2 EGG)","yes","no","no","imgae-1704185949131. 1addebb3-4d05-476c-a15b-463ce4c72ba0.png"
"659e5f0243c4227e736e4dd8","HORLICKS","659e5b4243c4227e736e4d62","[""[\""655ef6721532830df6b987bb\""]""]","3","655ef1cfb3999d1add24f83e","WEAT POROTA","yes","no","no","imgae-1704186001836. banner.jpg"
"659e5f0243c4227e736e4ddb","BADAM MILK","659e5b4243c4227e736e4d62","[""[\""655ef6721532830df6b987bb\""]""]","4","655ef1cfb3999d1add24f83e","CHEESE HONEY POROTTA SANDWICH","no","no","no","imgae-1704186052109. 1addebb3-4d05-476c-a15b-463ce4c72ba0.png"
"659e5f0243c4227e736e4dde","HOT CHOCOLATE","659e5b4243c4227e736e4d62","[""[\""655ef6721532830df6b987bb\""]""]","4","655ef1cfb3999d1add24f83e","PINEAPPLE","no","no","no","imgae-1704186121549. 1addebb3-4d05-476c-a15b-463ce4c72ba0.png"
"659e5f0343c4227e736e4de1","SNACK1","659e5b4243c4227e736e4d62","[""[\""655ef6721532830df6b987bb\""]""]","1","655ef1cfb3999d1add24f83e","VADASET","no","no","no","imgae-1704186164587. Rectangle 48.png"
"659e5f0343c4227e736e4de4","SNACK2","659e5b4243c4227e736e4d62","[""[\""655ef6041532830df6b987b6\""]""]","1.5","655ef1cfb3999d1add24f83e","Black tea","no","no","no","imgae-1704202379947. black_friday_banner_02.jpg"
"659e5f0343c4227e736e4de7","SNACK3","659e5b4243c4227e736e4d62","[""[\""655ef6721532830df6b987bb\""]""]","2","655ef1cfb3999d1add24f83e","CHINEESE COMBO","no","no","no","imgae-1704261675496. black_friday_banner_02.jpg"
"659e5f0443c4227e736e4dea","SNACK4","659e5b4243c4227e736e4d62","[""[\""655ef6721532830df6b987bb\""]""]","2.5","655ef1cfb3999d1add24f83e","CHINEESE COMBO","no","no","no","imgae-1704261675496. black_friday_banner_02.jpg"
"659e5f0443c4227e736e4ded","SNACK5","659e5b4243c4227e736e4d62","[""[\""655ef6721532830df6b987bb\""]""]","3","655ef1cfb3999d1add24f83e","CHINEESE COMBO","no","no","no","imgae-1704261675496. black_friday_banner_02.jpg"
"659e5f0443c4227e736e4df0","SNACK6","659e5b4243c4227e736e4d62","[""[\""655ef6721532830df6b987bb\""]""]","4","655ef1cfb3999d1add24f83e","CHINEESE COMBO","no","no","no","imgae-1704261675496. black_friday_banner_02.jpg"
"659e5f0443c4227e736e4df3","SNACK7","659e5b4243c4227e736e4d62","[""[\""655ef6721532830df6b987bb\""]""]","5","655ef1cfb3999d1add24f83e","CHINEESE COMBO","no","no","no","imgae-1704261675496. black_friday_banner_02.jpg"
"659e5f0443c4227e736e4df6","PAZHAM PORI BEEF","659e5b4243c4227e736e4d62","[""[\""655ef6721532830df6b987bb\""]""]","12","655ef1cfb3999d1add24f83e","CHINEESE COMBO","no","no","no","imgae-1704261675496. black_friday_banner_02.jpg"
"659e5f0443c4227e736e4df9","VADASET","659e5b4243c4227e736e4d68","[""[{}]""]","3","655ef1cfb3999d1add24f83e","CHINEESE COMBO","no","no","no","imgae-1770810760123. img_2_sq.jpg"
"659e5f0443c4227e736e4dfc","UPMA SET","659e5b4243c4227e736e4d68","[""[{}]""]","5","655ef1cfb3999d1add24f83e","CHINEESE COMBO","no","no","no","imgae-1770813508671. img_3_horizontal.jpg"
"659e5f0443c4227e736e4dff","IDLY SET","659e5b4243c4227e736e4d68","[""[\""655ef6721532830df6b987bb\""]""]","6","655ef1cfb3999d1add24f83e","CHINEESE COMBO","no","no","no","imgae-1704261675496. black_friday_banner_02.jpg"
"659e5f0543c4227e736e4e02","IDLY VADA SET","659e5b4243c4227e736e4d68","[""[\""655ef6721532830df6b987bb\""]""]","6","655ef1cfb3999d1add24f83e","CHINEESE COMBO","no","no","no","imgae-1704261675496. black_friday_banner_02.jpg"
"659e5f0543c4227e736e4e05","IDIYAPPAM + VEG KURMA","659e5b4243c4227e736e4d68","[""[\""655ef6721532830df6b987bb\""]""]","7","655ef1cfb3999d1add24f83e","CHINEESE COMBO","no","no","no","imgae-1704261675496. black_friday_banner_02.jpg"
"659e5f0743c4227e736e4e08","PUTTU + KADALA CURRY","659e5b4243c4227e736e4d68","[""[\""655ef6721532830df6b987bb\""]""]","7","655ef1cfb3999d1add24f83e","CHINEESE COMBO","no","no","no","imgae-1704261675496. black_friday_banner_02.jpg"
"659e5f0743c4227e736e4e0b","WHEAT PUTTU + KADALA CURRY","659e5b4243c4227e736e4d68","[""[\""655ef6721532830df6b987bb\""]""]","7","655ef1cfb3999d1add24f83e","CHINEESE COMBO","no","no","no","imgae-1704261675496. black_friday_banner_02.jpg"
"659e5f0743c4227e736e4e0e","PURI + BHAJI","659e5b4243c4227e736e4d68","[""[\""655ef6721532830df6b987bb\""]""]","7","655ef1cfb3999d1add24f83e","CHINEESE COMBO","no","no","no","imgae-1704261675496. black_friday_banner_02.jpg"
"659e5f0743c4227e736e4e11","APPAM + EGG ROAST","659e5b4243c4227e736e4d68","[""[\""655ef6721532830df6b987bb\""]""]","8","655ef1cfb3999d1add24f83e","CHINEESE COMBO","no","no","no","imgae-1704261675496. black_friday_banner_02.jpg"
"659e5f0743c4227e736e4e14","PURI + EGG ROAST","659e5b4243c4227e736e4d68","[""[\""655ef6721532830df6b987bb\""]""]","8","655ef1cfb3999d1add24f83e","CHINEESE COMBO","no","no","no","imgae-1704261675496. black_friday_banner_02.jpg"
"659e5f0743c4227e736e4e17","PLAIN DOSA","659e5b4243c4227e736e4d68","[""[\""655ef6721532830df6b987bb\""]""]","4","655ef1cfb3999d1add24f83e","CHINEESE COMBO","no","no","no","imgae-1704261675496. black_friday_banner_02.jpg"
"659e5f0743c4227e736e4e1a","SET DOSA","659e5b4243c4227e736e4d68","[""[\""655ef6721532830df6b987bb\""]""]","5","655ef1cfb3999d1add24f83e","CHINEESE COMBO","no","no","no","imgae-1704261675496. black_friday_banner_02.jpg"
"659e5f0843c4227e736e4e1d","GHEE DOSA","659e5b4243c4227e736e4d68","[""[\""655ef6721532830df6b987bb\""]""]","6","655ef1cfb3999d1add24f83e","CHINEESE COMBO","no","no","no","imgae-1704261675496. black_friday_banner_02.jpg"
"659e5f0843c4227e736e4e20","ONION DOSA","659e5b4243c4227e736e4d68","[""[\""655ef6721532830df6b987bb\""]""]","6","655ef1cfb3999d1add24f83e","CHINEESE COMBO","no","no","no","imgae-1704261675496. black_friday_banner_02.jpg"
"659e5f0843c4227e736e4e23","RAVA DOSA","659e5b4243c4227e736e4d68","[""[\""655ef6721532830df6b987bb\""]""]","6","655ef1cfb3999d1add24f83e","CHINEESE COMBO","no","no","no","imgae-1704261675496. black_friday_banner_02.jpg"
"659e5f0843c4227e736e4e26","TOMATO DOSA","659e5b4243c4227e736e4d68","[""[\""655ef6721532830df6b987bb\""]""]","6","655ef1cfb3999d1add24f83e","CHINEESE COMBO","no","no","no","imgae-1704261675496. black_friday_banner_02.jpg"
"659e5f0843c4227e736e4e29","MASALA DOSA","659e5b4243c4227e736e4d68","[""[\""655ef6721532830df6b987bb\""]""]","6","655ef1cfb3999d1add24f83e","CHINEESE COMBO","no","no","no","imgae-1704261675496. black_friday_banner_02.jpg"
"659e5f0843c4227e736e4e2c","BUTTER DOSA","659e5b4243c4227e736e4d68","[""[\""655ef6721532830df6b987bb\""]""]","6","655ef1cfb3999d1add24f83e","CHINEESE COMBO","no","no","no","imgae-1704261675496. black_friday_banner_02.jpg"
"659e5f0943c4227e736e4e2f","RAVA ONION DOSA","659e5b4243c4227e736e4d68","[""[\""655ef6721532830df6b987bb\""]""]","6","655ef1cfb3999d1add24f83e","CHINEESE COMBO","no","no","no","imgae-1704261675496. black_friday_banner_02.jpg"
"659e5f1443c4227e736e4e32","EGG DOSA","659e5b4243c4227e736e4d68","[""[\""655ef6721532830df6b987bb\""]""]","6","655ef1cfb3999d1add24f83e","CHINEESE COMBO","no","no","no","imgae-1704261675496. black_friday_banner_02.jpg"
"659e5f1443c4227e736e4e35","BULLSEYE DOSA","659e5b4243c4227e736e4d68","[""[\""655ef6721532830df6b987bb\""]""]","6","655ef1cfb3999d1add24f83e","CHINEESE COMBO","no","no","no","imgae-1704261675496. black_friday_banner_02.jpg"
"659e5f1443c4227e736e4e38","UTHAPPAM SET","659e5b4243c4227e736e4d68","[""[\""655ef6721532830df6b987bb\""]""]","6","655ef1cfb3999d1add24f83e","CHINEESE COMBO","no","no","no","imgae-1704261675496. black_friday_banner_02.jpg"
"659e5f1443c4227e736e4e3b","RAVA MASALA DOSA","659e5b4243c4227e736e4d68","[""[\""655ef6721532830df6b987bb\""]""]","7","655ef1cfb3999d1add24f83e","CHINEESE COMBO","no","no","no","imgae-1704261675496. black_friday_banner_02.jpg"
"659e5f1543c4227e736e4e3e","GHEE MASALA DOSA","659e5b4243c4227e736e4d68","[""[\""655ef6721532830df6b987bb\""]""]","7","655ef1cfb3999d1add24f83e","CHINEESE COMBO","no","no","no","imgae-1704261675496. black_friday_banner_02.jpg"
"659e5f1543c4227e736e4e41","PANEER DOSA","659e5b4243c4227e736e4d68","[""[\""655ef6721532830df6b987bb\""]""]","7","655ef1cfb3999d1add24f83e","CHINEESE COMBO","no","no","no","imgae-1704261675496. black_friday_banner_02.jpg"
"659e5f1543c4227e736e4e44","CHEESE DOSA","659e5b4243c4227e736e4d68","[""[\""655ef6721532830df6b987bb\""]""]","7","655ef1cfb3999d1add24f83e","CHINEESE COMBO","no","no","no","imgae-1704261675496. black_friday_banner_02.jpg"
"659e5f1543c4227e736e4e47","BUTTER MASALA DOSA","659e5b4243c4227e736e4d68","[""[\""655ef6721532830df6b987bb\""]""]","8","655ef1cfb3999d1add24f83e","CHINEESE COMBO","no","no","no","imgae-1704261675496. black_friday_banner_02.jpg"
"659e5f1543c4227e736e4e4a","DOUBLE EGG DOSA","659e5b4243c4227e736e4d68","[""[\""655ef6721532830df6b987bb\""]""]","8","655ef1cfb3999d1add24f83e","CHINEESE COMBO","no","no","no","imgae-1704261675496. black_friday_banner_02.jpg"
"659e5f1543c4227e736e4e4d","DOUBLE CHEESE DOSA","659e5b4243c4227e736e4d68","[""[\""655ef6721532830df6b987bb\""]""]","9","655ef1cfb3999d1add24f83e","CHINEESE COMBO","no","no","no","imgae-1704261675496. black_friday_banner_02.jpg"
"659e5f1543c4227e736e4e50","MYSORE MASALA DOSA","659e5b4243c4227e736e4d68","[""[\""655ef6721532830df6b987bb\""]""]","10","655ef1cfb3999d1add24f83e","CHINEESE COMBO","no","no","no","imgae-1704261675496. black_friday_banner_02.jpg"
"659e5f1543c4227e736e4e53","LEMON MEDIUM","659e5b4243c4227e736e4d6b","[""[\""655ef6721532830df6b987bb\""]""]","6","655ef1cfb3999d1add24f83e","CHINEESE COMBO","no","no","no","imgae-1704261675496. black_friday_banner_02.jpg"
"659e5f1543c4227e736e4e56","LEMON MINT MEDIUM","659e5b4243c4227e736e4d6b","[""[\""655ef6721532830df6b987bb\""]""]","7","655ef1cfb3999d1add24f83e","CHINEESE COMBO","no","no","no","imgae-1704261675496. black_friday_banner_02.jpg"
"659e5f1543c4227e736e4e59","ORANGE MEDIUM","659e5b4243c4227e736e4d6b","[""[\""655ef6721532830df6b987bb\""]""]","8","655ef1cfb3999d1add24f83e","CHINEESE COMBO","no","no","no","imgae-1704261675496. black_friday_banner_02.jpg"
"659e5f1543c4227e736e4e5c","MANGOMEDIUM","659e5b4243c4227e736e4d6b","[""[\""655ef6721532830df6b987bb\""]""]","8","655ef1cfb3999d1add24f83e","CHINEESE COMBO","no","no","no","imgae-1704261675496. black_friday_banner_02.jpg"
"659e5f1543c4227e736e4e5f","PINEAPPLE MEDIUM","659e5b4243c4227e736e4d6b","[""[\""655ef6721532830df6b987bb\""]""]","8","655ef1cfb3999d1add24f83e","CHINEESE COMBO","no","no","no","imgae-1704261675496. black_friday_banner_02.jpg"
"659e5f1543c4227e736e4e62","WATERMELON MEDIUM","659e5b4243c4227e736e4d6b","[""[\""655ef6721532830df6b987bb\""]""]","8","655ef1cfb3999d1add24f83e","CHINEESE COMBO","no","no","no","imgae-1704261675496. black_friday_banner_02.jpg"
"659e5f1543c4227e736e4e65","CHICKOO MEDIUM","659e5b4243c4227e736e4d6b","[""[\""655ef6721532830df6b987bb\""]""]","10","655ef1cfb3999d1add24f83e","CHINEESE COMBO","no","no","no","imgae-1704261675496. black_friday_banner_02.jpg"
"659e5f1643c4227e736e4e68","PAPAYA MEDIUM","659e5b4243c4227e736e4d6b","[""[\""655ef6721532830df6b987bb\""]""]","10","655ef1cfb3999d1add24f83e","CHINEESE COMBO","no","no","no","imgae-1704261675496. black_friday_banner_02.jpg"
"659e5f1643c4227e736e4e6b","GUAVA MEDIUM","659e5b4243c4227e736e4d6b","[""[\""655ef6721532830df6b987bb\""]""]","10","655ef1cfb3999d1add24f83e","CHINEESE COMBO","no","no","no","imgae-1704261675496. black_friday_banner_02.jpg"
"659e5f1643c4227e736e4e6e","GRAPE MEDIUM","659e5b4243c4227e736e4d6b","[""[\""655ef6721532830df6b987bb\""]""]","10","655ef1cfb3999d1add24f83e","CHINEESE COMBO","no","no","no","imgae-1704261675496. black_friday_banner_02.jpg"
"659e5f1643c4227e736e4e71","AVOCADO MEDIUM","659e5b4243c4227e736e4d6b","[""[\""655ef6721532830df6b987bb\""]""]","10","655ef1cfb3999d1add24f83e","CHINEESE COMBO","no","no","no","imgae-1704261675496. black_friday_banner_02.jpg"
"659e5f1643c4227e736e4e74","STRAWBERRY MEDIUM","659e5b4243c4227e736e4d6b","[""[\""655ef6721532830df6b987bb\""]""]","10","655ef1cfb3999d1add24f83e","CHINEESE COMBO","no","no","no","imgae-1704261675496. black_friday_banner_02.jpg"
"659e5f1643c4227e736e4e77","LEMON LARGE","659e5b4243c4227e736e4d6b","[""[\""655ef6721532830df6b987bb\""]""]","8","655ef1cfb3999d1add24f83e","CHINEESE COMBO","no","no","no","imgae-1704261675496. black_friday_banner_02.jpg"
"659e5f1743c4227e736e4e7a","LEMON MINT LARGE","659e5b4243c4227e736e4d6b","[""[\""655ef6721532830df6b987bb\""]""]","9","655ef1cfb3999d1add24f83e","CHINEESE COMBO","no","no","no","imgae-1704261675496. black_friday_banner_02.jpg"
"659e5f1743c4227e736e4e7d","ORANGE LARGE","659e5b4243c4227e736e4d6b","[""[\""655ef6721532830df6b987bb\""]""]","10","655ef1cfb3999d1add24f83e","CHINEESE COMBO","no","no","no","imgae-1704261675496. black_friday_banner_02.jpg"
"659e5f1743c4227e736e4e80","MANGO LARGE","659e5b4243c4227e736e4d6b","[""[\""655ef6721532830df6b987bb\""]""]","10","655ef1cfb3999d1add24f83e","CHINEESE COMBO","no","no","no","imgae-1704261675496. black_friday_banner_02.jpg"
"659e5f1743c4227e736e4e83","PINEAPPLE LARGE","659e5b4243c4227e736e4d6b","[""[\""655ef6721532830df6b987bb\""]""]","10","655ef1cfb3999d1add24f83e","CHINEESE COMBO","no","no","no","imgae-1704261675496. black_friday_banner_02.jpg"
"659e5f1843c4227e736e4e86","WATERMELON LARGE","659e5b4243c4227e736e4d6b","[""[\""655ef6721532830df6b987bb\""]""]","10","655ef1cfb3999d1add24f83e","CHINEESE COMBO","no","no","no","imgae-1704261675496. black_friday_banner_02.jpg"
"659e5f1843c4227e736e4e89","CHICKOO LARGE","659e5b4243c4227e736e4d6b","[""[\""655ef6721532830df6b987bb\""]""]","12","655ef1cfb3999d1add24f83e","CHINEESE COMBO","no","no","no","imgae-1704261675496. black_friday_banner_02.jpg"
"659e5f1843c4227e736e4e8c","PAPAYA LARGE","659e5b4243c4227e736e4d6b","[""[\""655ef6721532830df6b987bb\""]""]","12","655ef1cfb3999d1add24f83e","CHINEESE COMBO","no","no","no","imgae-1704261675496. black_friday_banner_02.jpg"
"659e5f1843c4227e736e4e8f","GUAVA LARGE","659e5b4243c4227e736e4d6b","[""[\""655ef6721532830df6b987bb\""]""]","12","655ef1cfb3999d1add24f83e","CHINEESE COMBO","no","no","no","imgae-1704261675496. black_friday_banner_02.jpg"
"659e5f1843c4227e736e4e92","GRAPE LARGE","659e5b4243c4227e736e4d6b","[""[\""655ef6721532830df6b987bb\""]""]","12","655ef1cfb3999d1add24f83e","CHINEESE COMBO","no","no","no","imgae-1704261675496. black_friday_banner_02.jpg"
"659e5f1943c4227e736e4e95","AVOCADO LARGE","659e5b4243c4227e736e4d6b","[""[\""655ef6721532830df6b987bb\""]""]","12","655ef1cfb3999d1add24f83e","CHINEESE COMBO","no","no","no","imgae-1704261675496. black_friday_banner_02.jpg"
"659e5f1943c4227e736e4e98","STRAWBERRY LARGE","659e5b4243c4227e736e4d6b","[""[\""655ef6721532830df6b987bb\""]""]","12","655ef1cfb3999d1add24f83e","CHINEESE COMBO","no","no","no","imgae-1704261675496. black_friday_banner_02.jpg"
"659e5f1943c4227e736e4e9b","STRAWBERRY SHAKE LARGE","659e5b4243c4227e736e4d6b","[""[\""655ef6721532830df6b987bb\""]""]","14","655ef1cfb3999d1add24f83e","CHINEESE COMBO","no","no","no","imgae-1704261675496. black_friday_banner_02.jpg"
"659e5f1943c4227e736e4e9e","CARAMEL LATTE LARGE","659e5b4243c4227e736e4d6b","[""[\""655ef6721532830df6b987bb\""]""]","14","655ef1cfb3999d1add24f83e","CHINEESE COMBO","no","no","no","imgae-1704261675496. black_friday_banner_02.jpg"
"659e5f1943c4227e736e4ea1","CHOCOLATE SHAKE LARGE","659e5b4243c4227e736e4d6b","[""[\""655ef6721532830df6b987bb\""]""]","15","655ef1cfb3999d1add24f83e","CHINEESE COMBO","no","no","no","imgae-1704261675496. black_friday_banner_02.jpg"
"659e5f1943c4227e736e4ea4","OREO BISCUIT SHAKE LARGE","659e5b4243c4227e736e4d6b","[""[\""655ef6721532830df6b987bb\""]""]","15","655ef1cfb3999d1add24f83e","CHINEESE COMBO","no","no","no","imgae-1704261675496. black_friday_banner_02.jpg"
"659e5f1943c4227e736e4ea7","PEANUT SHAKE LARGE","659e5b4243c4227e736e4d6b","[""[\""655ef6721532830df6b987bb\""]""]","15","655ef1cfb3999d1add24f83e","CHINEESE COMBO","no","no","no","imgae-1704261675496. black_friday_banner_02.jpg"
"659e5f1a43c4227e736e4eaa","LOTUS BISCUIT SHAKE LARGE","659e5b4243c4227e736e4d6b","[""[\""655ef6721532830df6b987bb\""]""]","16","655ef1cfb3999d1add24f83e","CHINEESE COMBO","no","no","no","imgae-1704261675496. black_friday_banner_02.jpg"
"659e5f1a43c4227e736e4ead","AVIL MILK","659e5b4243c4227e736e4d6b","[""[\""655ef6721532830df6b987bb\""]""]","10","655ef1cfb3999d1add24f83e","CHINEESE COMBO","no","no","no","imgae-1704261675496. black_friday_banner_02.jpg"
"659e5f1a43c4227e736e4eb0","TAHA COCKTAIL","659e5b4243c4227e736e4d6b","[""[\""655ef6721532830df6b987bb\""]""]","14","655ef1cfb3999d1add24f83e","CHINEESE COMBO","no","no","no","imgae-1704261675496. black_friday_banner_02.jpg"
"659e5f1a43c4227e736e4eb3","STRAWBWRRY BANANA SMOOTHIE","659e5b4243c4227e736e4d6b","[""[\""655ef6721532830df6b987bb\""]""]","10","655ef1cfb3999d1add24f83e","CHINEESE COMBO","no","no","no","imgae-1704261675496. black_friday_banner_02.jpg"
"659e5f1a43c4227e736e4eb6","MANGO SMOOTHIE","659e5b4243c4227e736e4d6b","[""[\""655ef6721532830df6b987bb\""]""]","10","655ef1cfb3999d1add24f83e","CHINEESE COMBO","no","no","no","imgae-1704261675496. black_friday_banner_02.jpg"
"659e5f1a43c4227e736e4eb9","PINEAPPLE BANANA SMOOTHIE","659e5b4243c4227e736e4d6b","[""[\""655ef6721532830df6b987bb\""]""]","10","655ef1cfb3999d1add24f83e","CHINEESE COMBO","no","no","no","imgae-1704261675496. black_friday_banner_02.jpg"
"659e5f1a43c4227e736e4ebc","STRAWBERRY LASSI","659e5b4243c4227e736e4d6b","[""[\""655ef6721532830df6b987bb\""]""]","9","655ef1cfb3999d1add24f83e","CHINEESE COMBO","no","no","no","imgae-1704261675496. black_friday_banner_02.jpg"
"659e5f1a43c4227e736e4ebf","MANGO LASSI","659e5b4243c4227e736e4d6b","[""[\""655ef6721532830df6b987bb\""]""]","9","655ef1cfb3999d1add24f83e","CHINEESE COMBO","no","no","no","imgae-1704261675496. black_friday_banner_02.jpg"
"659e5f1a43c4227e736e4ec2","CHOCOLATE LASSI","659e5b4243c4227e736e4d6b","[""[\""655ef6721532830df6b987bb\""]""]","9","655ef1cfb3999d1add24f83e","CHINEESE COMBO","no","no","no","imgae-1704261675496. black_friday_banner_02.jpg"
"659e5f1a43c4227e736e4ec5","SWEET/SALT LASSI","659e5b4243c4227e736e4d6b","[""[\""655ef6721532830df6b987bb\""]""]","8","655ef1cfb3999d1add24f83e","CHINEESE COMBO","no","no","no","imgae-1704261675496. black_friday_banner_02.jpg"
"659e5f1a43c4227e736e4ec8","STRAWBERRY MOJITO","659e5b4243c4227e736e4d6b","[""[\""655ef6721532830df6b987bb\""]""]","10","655ef1cfb3999d1add24f83e","CHINEESE COMBO","no","no","no","imgae-1704261675496. black_friday_banner_02.jpg"
"659e5f1a43c4227e736e4ecb","PASSION FRUIT MOJITO","659e5b4243c4227e736e4d6b","[""[\""655ef6721532830df6b987bb\""]""]","10","655ef1cfb3999d1add24f83e","CHINEESE COMBO","no","no","no","imgae-1704261675496. black_friday_banner_02.jpg"
"659e5f1a43c4227e736e4ece","PEACH MOJITO","659e5b4243c4227e736e4d6b","[""[\""655ef6721532830df6b987bb\""]""]","10","655ef1cfb3999d1add24f83e","CHINEESE COMBO","no","no","no","imgae-1704261675496. black_friday_banner_02.jpg"
"659e5f1a43c4227e736e4ed1","TROPICAL BLUE MOJITO","659e5b4243c4227e736e4d6b","[""[\""655ef6721532830df6b987bb\""]""]","10","655ef1cfb3999d1add24f83e","CHINEESE COMBO","no","no","no","imgae-1704261675496. black_friday_banner_02.jpg"
"659e5f1a43c4227e736e4ed4","CHEESE HONEY POROTTA SANDWICH","659e5b4243c4227e736e4d6e","[""[\""655ef6721532830df6b987bb\""]""]","3","655ef1cfb3999d1add24f83e","CHINEESE COMBO","no","no","no","imgae-1704261675496. black_friday_banner_02.jpg"
"659e5f1a43c4227e736e4ed7","CHEESE POROTTA SANDWICH","659e5b4243c4227e736e4d6e","[""[\""655ef6721532830df6b987bb\""]""]","3","655ef1cfb3999d1add24f83e","CHINEESE COMBO","no","no","no","imgae-1704261675496. black_friday_banner_02.jpg"
"659e5f1a43c4227e736e4eda","OMAN CHIPS POROTTA SANDWICH","659e5b4243c4227e736e4d6e","[""[\""655ef6721532830df6b987bb\""]""]","3","655ef1cfb3999d1add24f83e","CHINEESE COMBO","no","no","no","imgae-1704261675496. black_friday_banner_02.jpg"
"659e5f1a43c4227e736e4edd","OMLETTE POROTTA SANDWICH","6593cc5c45e19f95fd10e3b8","[""[\""655ef6721532830df6b987bb\""]""]","4","655ef1cfb3999d1add24f83e","CHINEESE COMBO","no","no","no","imgae-1704261675496. black_friday_banner_02.jpg"
"659e5f1b43c4227e736e4ee0","FRENCH FRIES POROTTA SANDWICH","659e5b4243c4227e736e4d6e","[""[\""655ef6721532830df6b987bb\""]""]","4","655ef1cfb3999d1add24f83e","CHINEESE COMBO","no","no","no","imgae-1704261675496. black_friday_banner_02.jpg"
"659e5f1b43c4227e736e4ee3","CHICKEN CHILLY POROTTA SANDWICH","659e5b4243c4227e736e4d6e","[""[\""655ef6721532830df6b987bb\""]""]","5","655ef1cfb3999d1add24f83e","CHINEESE COMBO","no","no","no","imgae-1704261675496. black_friday_banner_02.jpg"
"659e5f1b43c4227e736e4ee6","POPCORN POROTTA SANDWICH","659e5b4243c4227e736e4d6e","[""[\""655ef6721532830df6b987bb\""]""]","6","655ef1cfb3999d1add24f83e","CHINEESE COMBO","no","no","no","imgae-1704261675496. black_friday_banner_02.jpg"
"659e5f1b43c4227e736e4ee9","NUGGESTS POROTTA SANDWICH","659e5b4243c4227e736e4d6e","[""[\""655ef6721532830df6b987bb\""]""]","6","655ef1cfb3999d1add24f83e","CHINEESE COMBO","no","no","no","imgae-1704261675496. black_friday_banner_02.jpg"
"659e5f1b43c4227e736e4eec","BEEF POROTTA SANDWICH","659e5b4243c4227e736e4d6e","[""[\""655ef6721532830df6b987bb\""]""]","7","655ef1cfb3999d1add24f83e","CHINEESE COMBO","no","no","no","imgae-1704261675496. black_friday_banner_02.jpg"
"659e5f1b43c4227e736e4eef","DYNAMITE SHRIMP POROTTA SANDWICH","659e5b4243c4227e736e4d6e","[""[\""655ef6721532830df6b987bb\""]""]","8","655ef1cfb3999d1add24f83e","CHINEESE COMBO","no","no","no","imgae-1704261675496. black_friday_banner_02.jpg"
"659e5f1b43c4227e736e4ef2","VEG POROTTA SANDWICH","659e5b4243c4227e736e4d6e","[""[\""655ef6721532830df6b987bb\""]""]","8","655ef1cfb3999d1add24f83e","CHINEESE COMBO","no","no","no","imgae-1704261675496. black_friday_banner_02.jpg"
"659e5f1b43c4227e736e4ef5","FRANSCISCO POROTTA SANDWICH","659e5b4243c4227e736e4d6e","[""[\""655ef6721532830df6b987bb\""]""]","8","655ef1cfb3999d1add24f83e","CHINEESE COMBO","no","no","no","imgae-1704261675496. black_friday_banner_02.jpg"
"659e5f1c43c4227e736e4ef8","ZINGER POROTTA SANDWICH","659e5b4243c4227e736e4d6e","[""[\""655ef6721532830df6b987bb\""]""]","9","655ef1cfb3999d1add24f83e","CHINEESE COMBO","no","no","no","imgae-1704261675496. black_friday_banner_02.jpg"
"659e5f1c43c4227e736e4efb","EGG SAMOON SANDWICH","659e5b4243c4227e736e4d6e","[""[\""655ef6721532830df6b987bb\""]""]","9","655ef1cfb3999d1add24f83e","CHINEESE COMBO","no","no","no","imgae-1704261675496. black_friday_banner_02.jpg"
"659e5f1c43c4227e736e4efe","VEG SAMOON SANDWICH","659e5b4243c4227e736e4d6e","[""[\""655ef6721532830df6b987bb\""]""]","11","655ef1cfb3999d1add24f83e","CHINEESE COMBO","no","no","no","imgae-1704261675496. black_friday_banner_02.jpg"
"659e5f1c43c4227e736e4f01","CHICKEN SAMOON SANDWICH","659e5b4243c4227e736e4d6e","[""[\""655ef6721532830df6b987bb\""]""]","12","655ef1cfb3999d1add24f83e","CHINEESE COMBO","no","no","no","imgae-1704261675496. black_friday_banner_02.jpg"
"659e5f1c43c4227e736e4f04","BEEF SAMOON SANDWICH","659e5b4243c4227e736e4d6e","[""[\""655ef6721532830df6b987bb\""]""]","13","655ef1cfb3999d1add24f83e","CHINEESE COMBO","no","no","no","imgae-1704261675496. black_friday_banner_02.jpg"
"659e5f1c43c4227e736e4f07","ZINGER MATHAFI SAMOON SANDWICH","659e5b4243c4227e736e4d6e","[""[\""655ef6721532830df6b987bb\""]""]","16","655ef1cfb3999d1add24f83e","CHINEESE COMBO","no","no","no","imgae-1704261675496. black_friday_banner_02.jpg"
"659e5f1c43c4227e736e4f0a","DYNAMITE SHRIMP SAMOON SANDWICH","659e5b4243c4227e736e4d6e","[""[\""655ef6721532830df6b987bb\""]""]","16","655ef1cfb3999d1add24f83e","CHINEESE COMBO","no","no","no","imgae-1704261675496. black_friday_banner_02.jpg"
"659e5f1c43c4227e736e4f0d","EGG BURGER","659e5b4243c4227e736e4d6e","[""[\""655ef6721532830df6b987bb\""]""]","8","655ef1cfb3999d1add24f83e","CHINEESE COMBO","no","no","no","imgae-1704261675496. black_friday_banner_02.jpg"
"659e5f1d43c4227e736e4f10","CHICKEN BURGER","659e5b4243c4227e736e4d6e","[""[\""655ef6721532830df6b987bb\""]""]","10","655ef1cfb3999d1add24f83e","CHINEESE COMBO","no","no","no","imgae-1704261675496. black_friday_banner_02.jpg"
"659e5f1d43c4227e736e4f13","VEG BURGER","659e5b4243c4227e736e4d6e","[""[\""655ef6721532830df6b987bb\""]""]","10","655ef1cfb3999d1add24f83e","CHINEESE COMBO","no","no","no","imgae-1704261675496. black_friday_banner_02.jpg"
"659e5f1d43c4227e736e4f16","BEEF BURGER","659e5b4243c4227e736e4d6e","[""[\""655ef6721532830df6b987bb\""]""]","12","655ef1cfb3999d1add24f83e","CHINEESE COMBO","no","no","no","imgae-1704261675496. black_friday_banner_02.jpg"
"659e5f1d43c4227e736e4f19","ZINGER BURGER","659e5b4243c4227e736e4d6e","[""[\""655ef6721532830df6b987bb\""]""]","15","655ef1cfb3999d1add24f83e","CHINEESE COMBO","no","no","no","imgae-1704261675496. black_friday_banner_02.jpg"
"659e5f1d43c4227e736e4f1c","DYNAMITE SHRIMP BURGER","659e5b4243c4227e736e4d6e","[""[\""655ef6721532830df6b987bb\""]""]","16","655ef1cfb3999d1add24f83e","CHINEESE COMBO","no","no","no","imgae-1704261675496. black_friday_banner_02.jpg"
"659e5f1d43c4227e736e4f1f","FRENCH FRIES","659e5b4243c4227e736e4d6e","[""[\""655ef6721532830df6b987bb\""]""]","10","655ef1cfb3999d1add24f83e","CHINEESE COMBO","no","no","no","imgae-1704261675496. black_friday_banner_02.jpg"
"659e5f1d43c4227e736e4f22","FRIES WITH SAUCE","659e5b4243c4227e736e4d6e","[""[\""655ef6721532830df6b987bb\""]""]","15","655ef1cfb3999d1add24f83e","CHINEESE COMBO","no","no","no","imgae-1704261675496. black_friday_banner_02.jpg"
"659e5f1d43c4227e736e4f25","CHICKEN NUGGETS","659e5b4243c4227e736e4d6e","[""[\""655ef6721532830df6b987bb\""]""]","15","655ef1cfb3999d1add24f83e","CHINEESE COMBO","no","no","no","imgae-1704261675496. black_friday_banner_02.jpg"
"659e5f1d43c4227e736e4f28","DYNAMITE CHICKEN","659e5b4243c4227e736e4d6e","[""[\""655ef6721532830df6b987bb\""]""]","16","655ef1cfb3999d1add24f83e","CHINEESE COMBO","no","no","no","imgae-1704261675496. black_friday_banner_02.jpg"
"659e5f1e43c4227e736e4f2b","DYNAMATE SHRIMP","659e5b4243c4227e736e4d6e","[""[\""655ef6721532830df6b987bb\""]""]","18","655ef1cfb3999d1add24f83e","CHINEESE COMBO","no","no","no","imgae-1704261675496. black_friday_banner_02.jpg"
"659e5f1e43c4227e736e4f2e","FRIES WITH BEEF","659e5b4243c4227e736e4d6e","[""[\""655ef6721532830df6b987bb\""]""]","18","655ef1cfb3999d1add24f83e","CHINEESE COMBO","no","no","no","imgae-1704261675496. black_friday_banner_02.jpg"
"659e5f1e43c4227e736e4f31","POROTA","659e5b4243c4227e736e4d71","[""[\""655ef6721532830df6b987bb\""]""]","1","655ef1cfb3999d1add24f83e","CHINEESE COMBO","no","no","no","imgae-1704261675496. black_friday_banner_02.jpg"
"659e5f1e43c4227e736e4f34","WEAT POROTA","659e5b4243c4227e736e4d71","[""[\""655ef6721532830df6b987bb\""]""]","1.5","655ef1cfb3999d1add24f83e","CHINEESE COMBO","no","no","no","imgae-1704261675496. black_friday_banner_02.jpg"
"659e5f1e43c4227e736e4f37","COIN POROTA (2 PCS)","659e5b4243c4227e736e4d71","[""[\""655ef6721532830df6b987bb\""]""]","3","655ef1cfb3999d1add24f83e","CHINEESE COMBO","no","no","no","imgae-1704261675496. black_friday_banner_02.jpg"
"659e5f1e43c4227e736e4f3a","CHAPATI","659e5b4243c4227e736e4d71","[""[\""655ef6721532830df6b987bb\""]""]","1","655ef1cfb3999d1add24f83e","CHINEESE COMBO","no","no","no","imgae-1704261675496. black_friday_banner_02.jpg"
"659e5f1e43c4227e736e4f3d","APPAM","659e5b4243c4227e736e4d71","[""[{\""label\"":\""Milk\"",\""value\"":\""655ef5c61532830df6b987ae\""}]""]","1","655ef1cfb3999d1add24f83e","CHINEESE COMBO","no","no","no","imgae-1704261675496. black_friday_banner_02.jpg"
"659e5f1e43c4227e736e4f40","IDIYAPPAM","659e5b4243c4227e736e4d71","[""[\""655ef6721532830df6b987bb\""]""]","1","655ef1cfb3999d1add24f83e","CHINEESE COMBO","no","no","no","imgae-1704261675496. black_friday_banner_02.jpg"
"659e5f1e43c4227e736e4f43","DOSA","659e5b4243c4227e736e4d71","[""[\""655ef6721532830df6b987bb\""]""]","1","655ef1cfb3999d1add24f83e","CHINEESE COMBO","no","no","no","imgae-1704261675496. black_friday_banner_02.jpg"
"659e5f1e43c4227e736e4f46","PUTTU","659e5b4243c4227e736e4d71","[""[\""655ef6721532830df6b987bb\""]""]","1","655ef1cfb3999d1add24f83e","CHINEESE COMBO","no","no","no","imgae-1704261675496. black_friday_banner_02.jpg"
"659e5f1e43c4227e736e4f49","WEAT PUTTU","659e5b4243c4227e736e4d71","[""[\""655ef6721532830df6b987bb\""]""]","1.5","655ef1cfb3999d1add24f83e","CHINEESE COMBO","no","no","no","imgae-1704261675496. black_friday_banner_02.jpg"
"659e5f1e43c4227e736e4f4c","RUMALI ROTI","659e5b4243c4227e736e4d71","[""[\""655ef6721532830df6b987bb\""]""]","3","655ef1cfb3999d1add24f83e","CHINEESE COMBO","no","no","no","imgae-1704261675496. black_friday_banner_02.jpg"
"659e5f1e43c4227e736e4f4f","EGG CURRY","659e5b4343c4227e736e4d74","[""[\""655ef6721532830df6b987bb\""]""]","5","655ef1cfb3999d1add24f83e","CHINEESE COMBO","no","no","no","imgae-1704261675496. black_friday_banner_02.jpg"
"659e5f1e43c4227e736e4f52","EGG ROAST (2 EGG)","659e5b4343c4227e736e4d74","[""[\""655ef6721532830df6b987bb\""]""]","7","655ef1cfb3999d1add24f83e","CHINEESE COMBO","no","no","no","imgae-1704261675496. black_friday_banner_02.jpg"
"659e5f1f43c4227e736e4f55","MIX VEG KURMA","659e5b4343c4227e736e4d74","[""[\""655ef6721532830df6b987bb\""]""]","7","655ef1cfb3999d1add24f83e","CHINEESE COMBO","no","no","no","imgae-1704261675496. black_friday_banner_02.jpg"
"659e5f1f43c4227e736e4f58","FISH CURRY","659e5b4343c4227e736e4d74","[""[\""655ef6721532830df6b987bb\""]""]","10","655ef1cfb3999d1add24f83e","CHINEESE COMBO","no","no","no","imgae-1704261675496. black_friday_banner_02.jpg"
"659e5f1f43c4227e736e4f5b","FISH CURRY MATHI","659e5b4343c4227e736e4d74","[""[\""655ef6721532830df6b987bb\""]""]","7","655ef1cfb3999d1add24f83e","CHINEESE COMBO","no","no","no","imgae-1704261675496. black_friday_banner_02.jpg"
"659e5f1f43c4227e736e4f5e","FISH FRY","659e5b4343c4227e736e4d74","[""[\""655ef6721532830df6b987bb\""]""]","8","655ef1cfb3999d1add24f83e","CHINEESE COMBO","no","no","no","imgae-1704261675496. black_friday_banner_02.jpg"
"659e5f1f43c4227e736e4f61","FISH FRY MATHI","659e5b4343c4227e736e4d74","[""[\""655ef6721532830df6b987bb\""]""]","5","655ef1cfb3999d1add24f83e","CHINEESE COMBO","no","no","no","imgae-1704261675496. black_friday_banner_02.jpg"
"659e5f1f43c4227e736e4f64","CHICKEN CURRY","659e5b4343c4227e736e4d74","[""[\""655ef6721532830df6b987bb\""]""]","10","655ef1cfb3999d1add24f83e","CHINEESE COMBO","no","no","no","imgae-1704261675496. black_friday_banner_02.jpg"
"659e5f1f43c4227e736e4f67","CHICKEN ROAST","659e5b4343c4227e736e4d74","[""[\""655ef6721532830df6b987bb\""]""]","11","655ef1cfb3999d1add24f83e","CHINEESE COMBO","no","no","no","imgae-1704261675496. black_friday_banner_02.jpg"
"659e5f1f43c4227e736e4f6a","CHICKEN KURUMA","659e5b4343c4227e736e4d74","[""[\""655ef6721532830df6b987bb\""]""]","11","655ef1cfb3999d1add24f83e","CHINEESE COMBO","no","no","no","imgae-1704261675496. black_friday_banner_02.jpg"
"659e5f1f43c4227e736e4f6d","CHICKEN CHUKKA","659e5b4343c4227e736e4d74","[""[\""655ef6721532830df6b987bb\""]""]","14","655ef1cfb3999d1add24f83e","CHINEESE COMBO","no","no","no","imgae-1704261675496. black_friday_banner_02.jpg"
"659e5f1f43c4227e736e4f70","CHICKEN 65 FRY (KABAB)","659e5b4343c4227e736e4d74","[""[\""655ef6721532830df6b987bb\""]""]","10","655ef1cfb3999d1add24f83e","CHINEESE COMBO","no","no","no","imgae-1704261675496. black_friday_banner_02.jpg"
"659e5f1f43c4227e736e4f73","CHICKEN DRY FRY (BONELESS)","659e5b4343c4227e736e4d74","[""[\""655ef6721532830df6b987bb\""]""]","12","655ef1cfb3999d1add24f83e","CHINEESE COMBO","no","no","no","imgae-1704261675496. black_friday_banner_02.jpg"
"659e5f2043c4227e736e4f76","BEEF CURRY","659e5b4343c4227e736e4d74","[""[\""655ef6721532830df6b987bb\""]""]","11","655ef1cfb3999d1add24f83e","CHINEESE COMBO","no","no","no","imgae-1704261675496. black_friday_banner_02.jpg"
"659e5f2043c4227e736e4f79","BEEF ROAST","659e5b4343c4227e736e4d74","[""[\""655ef6721532830df6b987bb\""]""]","12","655ef1cfb3999d1add24f83e","CHINEESE COMBO","no","no","no","imgae-1704261675496. black_friday_banner_02.jpg"
"659e5f2043c4227e736e4f7c","BEEF FRY","659e5b4343c4227e736e4d74","[""[\""655ef6721532830df6b987bb\""]""]","13","655ef1cfb3999d1add24f83e","CHINEESE COMBO","no","no","no","imgae-1704261675496. black_friday_banner_02.jpg"
"659e5f2443c4227e736e4f7f","KAPPA","659e5b4343c4227e736e4d74","[""[\""655ef6721532830df6b987bb\""]""]","8","655ef1cfb3999d1add24f83e","CHINEESE COMBO","no","no","no","imgae-1704261675496. black_friday_banner_02.jpg"
"659e5f2443c4227e736e4f82","KAPPA CHICKEN","659e5b4343c4227e736e4d74","[""[\""655ef6721532830df6b987bb\""]""]","12","655ef1cfb3999d1add24f83e","CHINEESE COMBO","no","no","no","imgae-1704261675496. black_friday_banner_02.jpg"
"659e5f2443c4227e736e4f85","KAPPA BEEF","659e5b4343c4227e736e4d74","[""[\""655ef6721532830df6b987bb\""]""]","14","655ef1cfb3999d1add24f83e","CHINEESE COMBO","no","no","no","imgae-1704261675496. black_friday_banner_02.jpg"
"659e5f2443c4227e736e4f88","KAPPA BIRIYANI","659e5b4343c4227e736e4d74","[""[\""655ef6721532830df6b987bb\""]""]","15","655ef1cfb3999d1add24f83e","CHINEESE COMBO","no","no","no","imgae-1704261675496. black_friday_banner_02.jpg"
"659e5f2443c4227e736e4f8b","EGG KOTHU POROTA","659e5b4343c4227e736e4d74","[""[\""655ef6721532830df6b987bb\""]""]","10","655ef1cfb3999d1add24f83e","CHINEESE COMBO","no","no","no","imgae-1704261675496. black_friday_banner_02.jpg"
"659e5f2443c4227e736e4f8e","CHICKEN KOTHU PORATA","659e5b4343c4227e736e4d74","[""[\""655ef6721532830df6b987bb\""]""]","12","655ef1cfb3999d1add24f83e","CHINEESE COMBO","no","no","no","imgae-1704261675496. black_friday_banner_02.jpg"
"659e5f2443c4227e736e4f91","BEEF KOTHU PORATA","659e5b4343c4227e736e4d74","[""[\""655ef6721532830df6b987bb\""]""]","13","655ef1cfb3999d1add24f83e","CHINEESE COMBO","no","no","no","imgae-1704261675496. black_friday_banner_02.jpg"
"659e5f2443c4227e736e4f94","MOTTA SET","659e5b4343c4227e736e4d74","[""[\""655ef6721532830df6b987bb\""]""]","10","655ef1cfb3999d1add24f83e","CHINEESE COMBO","no","no","no","imgae-1704261675496. black_friday_banner_02.jpg"
"659e5f2443c4227e736e4f97","BARI SET","659e5b4343c4227e736e4d74","[""[\""655ef6721532830df6b987bb\""]""]","10","655ef1cfb3999d1add24f83e","CHINEESE COMBO","no","no","no","imgae-1704261675496. black_friday_banner_02.jpg"
"659e5f2443c4227e736e4f9a","CHICKEN BIRIYANI","659e5b4343c4227e736e4d74","[""[\""655ef6721532830df6b987bb\""]""]","15","655ef1cfb3999d1add24f83e","CHINEESE COMBO","no","no","no","imgae-1704261675496. black_friday_banner_02.jpg"
"659e5f2443c4227e736e4f9d","CHICKEN KUSHKA BABAB BIRIYANI","659e5b4343c4227e736e4d74","[""[\""655ef6721532830df6b987bb\""]""]","17","655ef1cfb3999d1add24f83e","CHINEESE COMBO","no","no","no","imgae-1704261675496. black_friday_banner_02.jpg"
"659e5f2443c4227e736e4fa0","MUTTON BIRIYANI","659e5b4343c4227e736e4d74","[""[\""655ef6721532830df6b987bb\""]""]","19","655ef1cfb3999d1add24f83e","CHINEESE COMBO","no","no","no","imgae-1704261675496. black_friday_banner_02.jpg"
"659e5f2443c4227e736e4fa3","CHICKEN 65 BIRIYANI","659e5b4343c4227e736e4d74","[""[\""655ef6721532830df6b987bb\""]""]","20","655ef1cfb3999d1add24f83e","CHINEESE COMBO","no","no","no","imgae-1704261675496. black_friday_banner_02.jpg"
"659e5f2443c4227e736e4fa6","KUSHKA (BIRIYANI RICE)","659e5b4343c4227e736e4d74","[""[\""655ef6721532830df6b987bb\""]""]","9","655ef1cfb3999d1add24f83e","CHINEESE COMBO","no","no","no","imgae-1704261675496. black_friday_banner_02.jpg"
"659e5f2443c4227e736e4fa9","STEAM RICE","659e5b4343c4227e736e4d74","[""[\""655ef6721532830df6b987bb\""]""]","6","655ef1cfb3999d1add24f83e","CHINEESE COMBO","no","no","no","imgae-1704261675496. black_friday_banner_02.jpg"
"659e5f2443c4227e736e4fac","GHEE RICE","659e5b4343c4227e736e4d74","[""[\""655ef6721532830df6b987bb\""]""]","8","655ef1cfb3999d1add24f83e","CHINEESE COMBO","no","no","no","imgae-1704261675496. black_friday_banner_02.jpg"
"659e5f2443c4227e736e4faf","LEMON RICE","659e5b4343c4227e736e4d74","[""[\""655ef6721532830df6b987bb\""]""]","9","655ef1cfb3999d1add24f83e","CHINEESE COMBO","no","no","no","imgae-1704261675496. black_friday_banner_02.jpg"
"659e5f2543c4227e736e4fb2","TOMATO RICE","659e5b4343c4227e736e4d74","[""[\""655ef6721532830df6b987bb\""]""]","9","655ef1cfb3999d1add24f83e","CHINEESE COMBO","no","no","no","imgae-1704261675496. black_friday_banner_02.jpg"
"659e5f2543c4227e736e4fb5","CURD RICE","659e5b4343c4227e736e4d74","[""[\""655ef6721532830df6b987bb\""]""]","9","655ef1cfb3999d1add24f83e","CHINEESE COMBO","no","no","no","imgae-1704261675496. black_friday_banner_02.jpg"
"659e5f2543c4227e736e4fb8","JEERA RICE","659e5b4343c4227e736e4d74","[""[\""655ef6721532830df6b987bb\""]""]","9","655ef1cfb3999d1add24f83e","CHINEESE COMBO","no","no","no","imgae-1704261675496. black_friday_banner_02.jpg"
"659e5f2543c4227e736e4fbb","GARLIC RICE","659e5b4343c4227e736e4d74","[""[\""655ef6721532830df6b987bb\""]""]","9","655ef1cfb3999d1add24f83e","CHINEESE COMBO","no","no","no","imgae-1704261675496. black_friday_banner_02.jpg"
"659e5f2543c4227e736e4fbe","VEG PULAV","659e5b4343c4227e736e4d74","[""[\""655ef6721532830df6b987bb\""]""]","9","655ef1cfb3999d1add24f83e","CHINEESE COMBO","no","no","no","imgae-1704261675496. black_friday_banner_02.jpg"
"659e5f2543c4227e736e4fc1","GOBI RICE","659e5b4343c4227e736e4d74","[""[\""655ef6721532830df6b987bb\""]""]","10","655ef1cfb3999d1add24f83e","CHINEESE COMBO","no","no","no","imgae-1704261675496. black_friday_banner_02.jpg"
"659e5f2543c4227e736e4fc4","MUSHROOM RICE","659e5b4343c4227e736e4d74","[""[\""655ef6721532830df6b987bb\""]""]","11","655ef1cfb3999d1add24f83e","CHINEESE COMBO","no","no","no","imgae-1704261675496. black_friday_banner_02.jpg"
"659e5f2543c4227e736e4fc7","PANEER RICE","659e5b4343c4227e736e4d74","[""[\""655ef6721532830df6b987bb\""]""]","11","655ef1cfb3999d1add24f83e","CHINEESE COMBO","no","no","no","imgae-1704261675496. black_friday_banner_02.jpg"
"659e5f2543c4227e736e4fca","DAL FRY","659e5b4343c4227e736e4d77","[""[\""655ef6721532830df6b987bb\""]""]","12","655ef1cfb3999d1add24f83e","CHINEESE COMBO","no","no","no","imgae-1704261675496. black_friday_banner_02.jpg"
"659e5f2543c4227e736e4fcd","DAL PALAK","659e5b4343c4227e736e4d77","[""[\""655ef6721532830df6b987bb\""]""]","12","655ef1cfb3999d1add24f83e","CHINEESE COMBO","no","no","no","imgae-1704261675496. black_friday_banner_02.jpg"
"659e5f2543c4227e736e4fd0","DAL TADKA","659e5b4343c4227e736e4d77","[""[\""655ef6721532830df6b987bb\""]""]","13","655ef1cfb3999d1add24f83e","CHINEESE COMBO","no","no","no","imgae-1704261675496. black_friday_banner_02.jpg"
"659e5f2543c4227e736e4fd3","DAL KOLHAPURI","659e5b4343c4227e736e4d77","[""[\""655ef6721532830df6b987bb\""]""]","13","655ef1cfb3999d1add24f83e","CHINEESE COMBO","no","no","no","imgae-1704261675496. black_friday_banner_02.jpg"
"659e5f2543c4227e736e4fd6","ALOO PALAK","659e5b4343c4227e736e4d77","[""[{\""label\"":\""Milk\"",\""value\"":\""655ef5c61532830df6b987ae\""},{\""label\"":\""Sugar\"",\""value\"":\""655ef6041532830df6b987b6\""},{\""label\"":\""Bun\"",\""value\"":\""655ef6721532830df6b987bb\""},{\""label\"":\""Tea Powder\"",\""value\"":\""655ef5eb1532830df6b987b2\""}]""]","12","655ef1cfb3999d1add24f83e","CHINEESE COMBO","no","no","no","imgae-1704713954240. Rectangle 48.png"
"659e5f2643c4227e736e4fd9","GOPI MASALA","659e5b4343c4227e736e4d77","[""[\""655ef6721532830df6b987bb\""]""]","12","655ef1cfb3999d1add24f83e","CHINEESE COMBO","no","no","no","imgae-1704261675496. black_friday_banner_02.jpg"
"659e5f2643c4227e736e4fdc","VEG KOLHAPURI","659e5b4343c4227e736e4d77","[""[\""655ef6721532830df6b987bb\""]""]","14","655ef1cfb3999d1add24f83e","CHINEESE COMBO","no","no","no","imgae-1704261675496. black_friday_banner_02.jpg"
"659e5f2643c4227e736e4fdf","VEG HYDERABADI","659e5b4343c4227e736e4d77","[""[\""655ef6721532830df6b987bb\""]""]","14","655ef1cfb3999d1add24f83e","CHINEESE COMBO","no","no","no","imgae-1704261675496. black_friday_banner_02.jpg"
"659e5f2643c4227e736e4fe2","MUSHROOM KADAI","659e5b4343c4227e736e4d77","[""[\""655ef6721532830df6b987bb\""]""]","14","655ef1cfb3999d1add24f83e","CHINEESE COMBO","no","no","no","imgae-1704261675496. black_friday_banner_02.jpg"
"659e5f2643c4227e736e4fe5","MUSHROOM MASALA","659e5b4343c4227e736e4d77","[""[\""655ef6721532830df6b987bb\""]""]","14","655ef1cfb3999d1add24f83e","CHINEESE COMBO","no","no","no","imgae-1704261675496. black_friday_banner_02.jpg"
"659e5f2743c4227e736e4fe8","PANEER MATAR MASALA","659e5b4343c4227e736e4d77","[""[\""655ef6721532830df6b987bb\""]""]","14","655ef1cfb3999d1add24f83e","CHINEESE COMBO","no","no","no","imgae-1704261675496. black_friday_banner_02.jpg"
"659e5f2743c4227e736e4feb","PANEER BUTTER MASALA","659e5b4343c4227e736e4d77","[""[\""655ef6721532830df6b987bb\""]""]","14","655ef1cfb3999d1add24f83e","CHINEESE COMBO","no","no","no","imgae-1704261675496. black_friday_banner_02.jpg"
"659e5f2743c4227e736e4fee","PALAK PANEER","659e5b4343c4227e736e4d77","[""[\""655ef6721532830df6b987bb\""]""]","15","655ef1cfb3999d1add24f83e","CHINEESE COMBO","no","no","no","imgae-1704261675496. black_friday_banner_02.jpg"
"659e5f2843c4227e736e4ff1","BABYCORN MASALA","659e5b4343c4227e736e4d77","[""[\""655ef6721532830df6b987bb\""]""]","15","655ef1cfb3999d1add24f83e","CHINEESE COMBO","no","no","no","imgae-1704261675496. black_friday_banner_02.jpg"
"659e5f2843c4227e736e4ff4","BABYCORN PEPPER MASALA","659e5b4343c4227e736e4d77","[""[\""655ef6721532830df6b987bb\""]""]","15","655ef1cfb3999d1add24f83e","CHINEESE COMBO","no","no","no","imgae-1704261675496. black_friday_banner_02.jpg"
"659e5f2943c4227e736e4ff7","BUTTER CHICKEN","659e5b4343c4227e736e4d7a","[""[\""655ef6721532830df6b987bb\""]""]","14","655ef1cfb3999d1add24f83e","CHINEESE COMBO","no","no","no","imgae-1704261675496. black_friday_banner_02.jpg"
"659e5f2943c4227e736e4ffa","CHICKEN PEPPER MASALA","659e5b4343c4227e736e4d7a","[""[\""655ef6721532830df6b987bb\""]""]","14","655ef1cfb3999d1add24f83e","CHINEESE COMBO","no","no","no","imgae-1704261675496. black_friday_banner_02.jpg"
"659e5f2943c4227e736e4ffd","CHICKEN HYDERABADI","659e5b4343c4227e736e4d7a","[""[\""655ef6721532830df6b987bb\""]""]","14","655ef1cfb3999d1add24f83e","CHINEESE COMBO","no","no","no","imgae-1704261675496. black_friday_banner_02.jpg"
"659e5f2943c4227e736e5000","CHICKEN RED MASALA","659e5b4343c4227e736e4d7a","[""[\""655ef6721532830df6b987bb\""]""]","14","655ef1cfb3999d1add24f83e","CHINEESE COMBO","no","no","no","imgae-1704261675496. black_friday_banner_02.jpg"
"659e5f2943c4227e736e5003","CHICKEN KOLHAPURI","659e5b4343c4227e736e4d7a","[""[\""655ef6721532830df6b987bb\""]""]","14","655ef1cfb3999d1add24f83e","CHINEESE COMBO","no","no","no","imgae-1704261675496. black_friday_banner_02.jpg"
"659e5f2a43c4227e736e5006","CHICKEN KADAI","659e5b4343c4227e736e4d7a","[""[\""655ef6721532830df6b987bb\""]""]","14","655ef1cfb3999d1add24f83e","CHINEESE COMBO","no","no","no","imgae-1704261675496. black_friday_banner_02.jpg"
"659e5f2b43c4227e736e5009","CHICKEN MASHROOM MASALA","659e5b4343c4227e736e4d7a","[""[\""655ef6721532830df6b987bb\""]""]","14","655ef1cfb3999d1add24f83e","CHINEESE COMBO","no","no","no","imgae-1704261675496. black_friday_banner_02.jpg"
"659e5f2b43c4227e736e500c","BEEF MASALA","659e5b4343c4227e736e4d7a","[""[\""655ef6721532830df6b987bb\""]""]","15","655ef1cfb3999d1add24f83e","CHINEESE COMBO","no","no","no","imgae-1704261675496. black_friday_banner_02.jpg"
"659e5f2b43c4227e736e500f","BEEF KADAI","659e5b4343c4227e736e4d7a","[""[\""655ef6721532830df6b987bb\""]""]","15","655ef1cfb3999d1add24f83e","CHINEESE COMBO","no","no","no","imgae-1704261675496. black_friday_banner_02.jpg"
"659e5f2b43c4227e736e5012","MUTTON HYDERABADI","659e5b4343c4227e736e4d7a","[""[\""655ef6721532830df6b987bb\""]""]","16","655ef1cfb3999d1add24f83e","CHINEESE COMBO","no","no","no","imgae-1704261675496. black_friday_banner_02.jpg"
"659e5f2b43c4227e736e5015","MUTTON KADAI","659e5b4343c4227e736e4d7a","[""[\""655ef6721532830df6b987bb\""]""]","16","655ef1cfb3999d1add24f83e","CHINEESE COMBO","no","no","no","imgae-1704261675496. black_friday_banner_02.jpg"
"659e5f2b43c4227e736e5018","MUTTON MASALA","659e5b4343c4227e736e4d7a","[""[\""655ef6721532830df6b987bb\""]""]","16","655ef1cfb3999d1add24f83e","CHINEESE COMBO","no","no","no","imgae-1704261675496. black_friday_banner_02.jpg"
"659e5f2b43c4227e736e501b","FISH MASALA","659e5b4343c4227e736e4d7a","[""[\""655ef6721532830df6b987bb\""]""]","15","655ef1cfb3999d1add24f83e","CHINEESE COMBO","no","no","no","imgae-1704261675496. black_friday_banner_02.jpg"
"659e5f2c43c4227e736e501e","PRAWNS MASALA","659e5b4343c4227e736e4d7a","[""[\""655ef6721532830df6b987bb\""]""]","16","655ef1cfb3999d1add24f83e","CHINEESE COMBO","no","no","no","imgae-1704261675496. black_friday_banner_02.jpg"
"659e5f2c43c4227e736e5021","VEG SWEET CORN SOUP","659e5b4343c4227e736e4d7d","[""[\""655ef6721532830df6b987bb\""]""]","7","655ef1cfb3999d1add24f83e","CHINEESE COMBO","no","no","no","imgae-1704261675496. black_friday_banner_02.jpg"
"659e5f2c43c4227e736e5024","LEMON CORIANDER SOUP","659e5b4343c4227e736e4d7d","[""[\""655ef6721532830df6b987bb\""]""]","7","655ef1cfb3999d1add24f83e","CHINEESE COMBO","no","no","no","imgae-1704261675496. black_friday_banner_02.jpg"
"659e5f2c43c4227e736e5027","VEG CLEAR SOUP","659e5b4343c4227e736e4d7d","[""[\""655ef6721532830df6b987bb\""]""]","8","655ef1cfb3999d1add24f83e","CHINEESE COMBO","no","no","no","imgae-1704261675496. black_friday_banner_02.jpg"
"659e5f2c43c4227e736e502a","VEG MANCHOW SOUP","659e5b4343c4227e736e4d7d","[""[\""655ef6721532830df6b987bb\""]""]","8","655ef1cfb3999d1add24f83e","CHINEESE COMBO","no","no","no","imgae-1704261675496. black_friday_banner_02.jpg"
"659e5f2c43c4227e736e502d","VEG HOT N SOUR SOUP","659e5b4343c4227e736e4d7d","[""[\""655ef6721532830df6b987bb\""]""]","8","655ef1cfb3999d1add24f83e","CHINEESE COMBO","no","no","no","imgae-1704261675496. black_friday_banner_02.jpg"
"659e5f2c43c4227e736e5030","MUSHROOM SOUP","659e5b4343c4227e736e4d7d","[""[\""655ef6721532830df6b987bb\""]""]","8","655ef1cfb3999d1add24f83e","CHINEESE COMBO","no","no","no","imgae-1704261675496. black_friday_banner_02.jpg"
"659e5f2c43c4227e736e5033","CHICKEN CLEAR SOUP","659e5b4343c4227e736e4d7d","[""[\""655ef6721532830df6b987bb\""]""]","9","655ef1cfb3999d1add24f83e","CHINEESE COMBO","no","no","no","imgae-1704261675496. black_friday_banner_02.jpg"
"659e5f2c43c4227e736e5036","CHICKEN MANCHOW SOUP","659e5b4343c4227e736e4d7d","[""[\""655ef6721532830df6b987bb\""]""]","10","655ef1cfb3999d1add24f83e","CHINEESE COMBO","no","no","no","imgae-1704261675496. black_friday_banner_02.jpg"
"659e5f2c43c4227e736e5039","CHICKEN HOT N SOUR SOUP","659e5b4343c4227e736e4d7d","[""[\""655ef6721532830df6b987bb\""]""]","10","655ef1cfb3999d1add24f83e","CHINEESE COMBO","no","no","no","imgae-1704261675496. black_friday_banner_02.jpg"
"659e5f2c43c4227e736e503c","CHICKEN LEMON SOUP","659e5b4343c4227e736e4d7d","[""[\""655ef6721532830df6b987bb\""]""]","10","655ef1cfb3999d1add24f83e","CHINEESE COMBO","no","no","no","imgae-1704261675496. black_friday_banner_02.jpg"
"659e5f2c43c4227e736e503f","CREAMY MUSHROOM CHICKEN SOUP","659e5b4343c4227e736e4d7d","[""[\""655ef6721532830df6b987bb\""]""]","12","655ef1cfb3999d1add24f83e","CHINEESE COMBO","no","no","no","imgae-1704261675496. black_friday_banner_02.jpg"
"659e5f2c43c4227e736e5042","SEAFOOD SOUP","659e5b4343c4227e736e4d7d","[""[\""655ef6721532830df6b987bb\""]""]","12","655ef1cfb3999d1add24f83e","CHINEESE COMBO","no","no","no","imgae-1704261675496. black_friday_banner_02.jpg"
"659e5f2c43c4227e736e5045","VEG NOODLES","659e5b4343c4227e736e4d80","[""[\""655ef6721532830df6b987bb\""]""]","11","655ef1cfb3999d1add24f83e","CHINEESE COMBO","no","no","no","imgae-1704261675496. black_friday_banner_02.jpg"
"659e5f2c43c4227e736e5048","EGG NOODLES","659e5b4343c4227e736e4d80","[""[\""655ef6721532830df6b987bb\""]""]","11","655ef1cfb3999d1add24f83e","CHINEESE COMBO","no","no","no","imgae-1704261675496. black_friday_banner_02.jpg"
"659e5f2d43c4227e736e504b","PANEER NOODLES","659e5b4343c4227e736e4d80","[""[\""655ef6721532830df6b987bb\""]""]","12","655ef1cfb3999d1add24f83e","CHINEESE COMBO","no","no","no","imgae-1704261675496. black_friday_banner_02.jpg"
"659e5f2d43c4227e736e504e","MUSHROOM NOODLES","659e5b4343c4227e736e4d80","[""[\""655ef6721532830df6b987bb\""]""]","12","655ef1cfb3999d1add24f83e","CHINEESE COMBO","no","no","no","imgae-1704261675496. black_friday_banner_02.jpg"
"659e5f2d43c4227e736e5051","CHICKEN NOODLES","659e5b4343c4227e736e4d80","[""[\""655ef6721532830df6b987bb\""]""]","14","655ef1cfb3999d1add24f83e","CHINEESE COMBO","no","no","no","imgae-1704261675496. black_friday_banner_02.jpg"
"659e5f2d43c4227e736e5054","PRAWNS NOODLES","659e5b4343c4227e736e4d80","[""[\""655ef6721532830df6b987bb\""]""]","15","655ef1cfb3999d1add24f83e","CHINEESE COMBO","no","no","no","imgae-1704261675496. black_friday_banner_02.jpg"
"659e5f2d43c4227e736e5057","BEEF NOODLES","659e5b4343c4227e736e4d80","[""[\""655ef6721532830df6b987bb\""]""]","15","655ef1cfb3999d1add24f83e","CHINEESE COMBO","no","no","no","imgae-1704261675496. black_friday_banner_02.jpg"
"659e5f2d43c4227e736e505a","CHICKEN SCHEZWAN NOODLES","659e5b4343c4227e736e4d80","[""[\""655ef6721532830df6b987bb\""]""]","15","655ef1cfb3999d1add24f83e","CHINEESE COMBO","no","no","no","imgae-1704261675496. black_friday_banner_02.jpg"
"659e5f2d43c4227e736e505d","MIXED NOODLES","659e5b4343c4227e736e4d80","[""[\""655ef6721532830df6b987bb\""]""]","16","655ef1cfb3999d1add24f83e","CHINEESE COMBO","no","no","no","imgae-1704261675496. black_friday_banner_02.jpg"
"659e5f2d43c4227e736e5060","TRIPLE SCHEZWAN NOODLES","659e5b4343c4227e736e4d80","[""[\""655ef6721532830df6b987bb\""]""]","22","655ef1cfb3999d1add24f83e","CHINEESE COMBO","no","no","no","imgae-1704261675496. black_friday_banner_02.jpg"
"659e5f2d43c4227e736e5063","FRIED RICE","659e5b4343c4227e736e4d83","[""[\""655ef6721532830df6b987bb\""]""]","","655ef1cfb3999d1add24f83e","CHINEESE COMBO","no","no","no","imgae-1704261675496. black_friday_banner_02.jpg"
"659e5f2d43c4227e736e5066","VEG FRIED RICE","659e5b4343c4227e736e4d83","[""[\""655ef6721532830df6b987bb\""]""]","10","655ef1cfb3999d1add24f83e","CHINEESE COMBO","no","no","no","imgae-1704261675496. black_friday_banner_02.jpg"
"659e5f2e43c4227e736e5069","EGG FRIED RICE","659e5b4343c4227e736e4d83","[""[\""655ef6721532830df6b987bb\""]""]","11","655ef1cfb3999d1add24f83e","CHINEESE COMBO","no","no","no","imgae-1704261675496. black_friday_banner_02.jpg"
"659e5f2e43c4227e736e506c","CHICKEN FRIED RICE","659e5b4343c4227e736e4d83","[""[\""655ef6721532830df6b987bb\""]""]","13","655ef1cfb3999d1add24f83e","CHINEESE COMBO","no","no","no","imgae-1704261675496. black_friday_banner_02.jpg"
"659e5f2e43c4227e736e506f","BEEF FRIED RICE","659e5b4343c4227e736e4d83","[""[\""655ef6721532830df6b987bb\""]""]","14","655ef1cfb3999d1add24f83e","CHINEESE COMBO","no","no","no","imgae-1704261675496. black_friday_banner_02.jpg"
"659e5f2e43c4227e736e5072","PRAWNS FRIED RICE","659e5b4343c4227e736e4d83","[""[\""655ef6721532830df6b987bb\""]""]","14","655ef1cfb3999d1add24f83e","CHINEESE COMBO","no","no","no","imgae-1704261675496. black_friday_banner_02.jpg"
"659e5f2e43c4227e736e5075","CHICKEN SCHEZWAN FRIED RICE","659e5b4343c4227e736e4d83","[""[\""655ef6721532830df6b987bb\""]""]","14","655ef1cfb3999d1add24f83e","CHINEESE COMBO","no","no","no","imgae-1704261675496. black_friday_banner_02.jpg"
"659e5f2e43c4227e736e5078","MIXED FRIED RICE","659e5b4343c4227e736e4d83","[""[\""655ef6721532830df6b987bb\""]""]","15","655ef1cfb3999d1add24f83e","CHINEESE COMBO","no","no","no","imgae-1704261675496. black_friday_banner_02.jpg"
"659e5f2e43c4227e736e507b","TRIPLE SCHEZWAN FRIED RICE","659e5b4343c4227e736e4d83","[""[\""655ef6721532830df6b987bb\""]""]","20","655ef1cfb3999d1add24f83e","CHINEESE COMBO","no","no","no","imgae-1704261675496. black_friday_banner_02.jpg"
"659e5f2e43c4227e736e507e","GOPI 65","659e5b4343c4227e736e4d86","[""[\""655ef6721532830df6b987bb\""]""]","12","655ef1cfb3999d1add24f83e","CHINEESE COMBO","no","no","no","imgae-1704261675496. black_friday_banner_02.jpg"
"659e5f2e43c4227e736e5081","GOBI CHILLY","659e5b4343c4227e736e4d86","[""[\""655ef6721532830df6b987bb\""]""]","12","655ef1cfb3999d1add24f83e","CHINEESE COMBO","no","no","no","imgae-1704261675496. black_friday_banner_02.jpg"
"659e5f2e43c4227e736e5084","GOBI MANCHURIAN","659e5b4343c4227e736e4d86","[""[\""655ef6721532830df6b987bb\""]""]","12","655ef1cfb3999d1add24f83e","CHINEESE COMBO","no","no","no","imgae-1704261675496. black_friday_banner_02.jpg"
"659e5f2e43c4227e736e5087","BABYCORN 65","659e5b4343c4227e736e4d86","[""[\""655ef6721532830df6b987bb\""]""]","14","655ef1cfb3999d1add24f83e","CHINEESE COMBO","no","no","no","imgae-1704261675496. black_friday_banner_02.jpg"
"659e5f2e43c4227e736e508a","BABYCORN CHILLY","659e5b4343c4227e736e4d86","[""[\""655ef6721532830df6b987bb\""]""]","14","655ef1cfb3999d1add24f83e","CHINEESE COMBO","no","no","no","imgae-1704261675496. black_friday_banner_02.jpg"
"659e5f2e43c4227e736e508d","BABYCORN MANCHURIAN","659e5b4343c4227e736e4d86","[""[\""655ef6721532830df6b987bb\""]""]","14","655ef1cfb3999d1add24f83e","CHINEESE COMBO","no","no","no","imgae-1704261675496. black_friday_banner_02.jpg"
"659e5f2f43c4227e736e5090","MUSHROOM 65","659e5b4343c4227e736e4d86","[""[\""655ef6721532830df6b987bb\""]""]","14","655ef1cfb3999d1add24f83e","CHINEESE COMBO","no","no","no","imgae-1704261675496. black_friday_banner_02.jpg"
"659e5f2f43c4227e736e5093","MASHROOM CHILLY","659e5b4343c4227e736e4d86","[""[\""655ef6721532830df6b987bb\""]""]","14","655ef1cfb3999d1add24f83e","CHINEESE COMBO","no","no","no","imgae-1704261675496. black_friday_banner_02.jpg"
"659e5f2f43c4227e736e5096","MUSHROOM MANCHURIAN","659e5b4343c4227e736e4d86","[""[\""655ef6721532830df6b987bb\""]""]","14","655ef1cfb3999d1add24f83e","CHINEESE COMBO","no","no","no","imgae-1704261675496. black_friday_banner_02.jpg"
"659e5f3043c4227e736e5099","MUSHROOM PEPPER","659e5b4343c4227e736e4d86","[""[\""655ef6721532830df6b987bb\""]""]","14","655ef1cfb3999d1add24f83e","CHINEESE COMBO","no","no","no","imgae-1704261675496. black_friday_banner_02.jpg"
"659e5f3143c4227e736e509c","PANEER 65","659e5b4343c4227e736e4d86","[""[\""655ef6721532830df6b987bb\""]""]","14","655ef1cfb3999d1add24f83e","CHINEESE COMBO","no","no","no","imgae-1704261675496. black_friday_banner_02.jpg"
"659e5f3143c4227e736e509f","PANEER CHILLY","659e5b4343c4227e736e4d86","[""[\""655ef6721532830df6b987bb\""]""]","14","655ef1cfb3999d1add24f83e","CHINEESE COMBO","no","no","no","imgae-1704261675496. black_friday_banner_02.jpg"
"659e5f3143c4227e736e50a2","PANEER MANCHURIAN","659e5b4343c4227e736e4d86","[""[\""655ef6721532830df6b987bb\""]""]","14","655ef1cfb3999d1add24f83e","CHINEESE COMBO","no","no","no","imgae-1704261675496. black_friday_banner_02.jpg"
"659e5f3143c4227e736e50a5","GINGER CHICKEN","659e5b4443c4227e736e4d89","[""[\""655ef6721532830df6b987bb\""]""]","14","655ef1cfb3999d1add24f83e","CHINEESE COMBO","no","no","no","imgae-1704261675496. black_friday_banner_02.jpg"
"659e5f3143c4227e736e50a8","LEMON CHICKEN","659e5b4443c4227e736e4d89","[""[\""655ef6721532830df6b987bb\""]""]","14","655ef1cfb3999d1add24f83e","CHINEESE COMBO","no","no","no","imgae-1704261675496. black_friday_banner_02.jpg"
"659e5f3143c4227e736e50ab","CHICKEN 65","659e5b4443c4227e736e4d89","[""[\""655ef6721532830df6b987bb\""]""]","14","655ef1cfb3999d1add24f83e","CHINEESE COMBO","no","no","no","imgae-1704261675496. black_friday_banner_02.jpg"
"659e5f3143c4227e736e50ae","CHICKEN CHILLY","659e5b4443c4227e736e4d89","[""[\""655ef6721532830df6b987bb\""]""]","14","655ef1cfb3999d1add24f83e","CHINEESE COMBO","no","no","no","imgae-1704261675496. black_friday_banner_02.jpg"
"659e5f3143c4227e736e50b1","CHICKEN MANCHURIAN","659e5b4443c4227e736e4d89","[""[\""655ef6721532830df6b987bb\""]""]","14","655ef1cfb3999d1add24f83e","CHINEESE COMBO","no","no","no","imgae-1704261675496. black_friday_banner_02.jpg"
"659e5f3143c4227e736e50b4","PEPPER CHICKEN","659e5b4443c4227e736e4d89","[""[\""655ef6721532830df6b987bb\""]""]","14","655ef1cfb3999d1add24f83e","CHINEESE COMBO","no","no","no","imgae-1704261675496. black_friday_banner_02.jpg"
"659e5f3143c4227e736e50b7","CHICKEN GARLIC","659e5b4443c4227e736e4d89","[""[\""655ef6721532830df6b987bb\""]""]","14","655ef1cfb3999d1add24f83e","CHINEESE COMBO","no","no","no","imgae-1704261675496. black_friday_banner_02.jpg"
"659e5f3243c4227e736e50ba","DRAGON CHICKEN","659e5b4443c4227e736e4d89","[""[\""655ef6721532830df6b987bb\""]""]","14","655ef1cfb3999d1add24f83e","CHINEESE COMBO","no","no","no","imgae-1704261675496. black_friday_banner_02.jpg"
"659e5f3243c4227e736e50bd","HONEY CRISPY CHICKEN","659e5b4443c4227e736e4d89","[""[\""655ef6721532830df6b987bb\""]""]","14","655ef1cfb3999d1add24f83e","CHINEESE COMBO","no","no","no","imgae-1704261675496. black_friday_banner_02.jpg"
"659e5f3243c4227e736e50c0","CHICKEN LOLLIPOP","659e5b4443c4227e736e4d89","[""[\""655ef6721532830df6b987bb\""]""]","14","655ef1cfb3999d1add24f83e","CHINEESE COMBO","no","no","no","imgae-1704261675496. black_friday_banner_02.jpg"
"659e5f3243c4227e736e50c3","CHICKEN LOLLIPOP GRAVY","659e5b4443c4227e736e4d89","[""[\""655ef6721532830df6b987bb\""]""]","16","655ef1cfb3999d1add24f83e","CHINEESE COMBO","no","no","no","imgae-1704261675496. black_friday_banner_02.jpg"
"659e5f3243c4227e736e50c6","BEEF CHILLY","659e5b4443c4227e736e4d89","[""[\""655ef6721532830df6b987bb\""]""]","15","655ef1cfb3999d1add24f83e","CHINEESE COMBO","no","no","no","imgae-1704261675496. black_friday_banner_02.jpg"
"659e5f3243c4227e736e50c9","BEEF 65","659e5b4443c4227e736e4d89","[""[\""655ef6721532830df6b987bb\""]""]","15","655ef1cfb3999d1add24f83e","CHINEESE COMBO","no","no","no","imgae-1704261675496. black_friday_banner_02.jpg"
"659e5f3243c4227e736e50cc","BEEF MANCHURIAN","659e5b4443c4227e736e4d89","[""[\""655ef6721532830df6b987bb\""]""]","15","655ef1cfb3999d1add24f83e","CHINEESE COMBO","no","no","no","imgae-1704261675496. black_friday_banner_02.jpg"
"659e5f3243c4227e736e50cf","PRAWNS CHILLY","659e5b4443c4227e736e4d89","[""[\""655ef6721532830df6b987bb\""]""]","16","655ef1cfb3999d1add24f83e","CHINEESE COMBO","no","no","no","imgae-1704261675496. black_friday_banner_02.jpg"
"659e5f3243c4227e736e50d2","CHICKEN WITH 3 BREADS","659e5b4443c4227e736e4d8c","[""[\""655ef6721532830df6b987bb\""]""]","10","655ef1cfb3999d1add24f83e","CHINEESE COMBO","no","no","no","imgae-1704261675496. black_friday_banner_02.jpg"
"659e5f3243c4227e736e50d5","CHICKEN WITH 3 BREADS1","659e5b4443c4227e736e4d8c","[""[\""655ef6721532830df6b987bb\""]""]","11","655ef1cfb3999d1add24f83e","CHINEESE COMBO","no","no","no","imgae-1704261675496. black_friday_banner_02.jpg"
"659e5f3243c4227e736e50d8","CHICKEN WITH 3 BREADS2","659e5b4443c4227e736e4d8c","[""[\""655ef6721532830df6b987bb\""]""]","12","655ef1cfb3999d1add24f83e","CHINEESE COMBO","no","no","no","imgae-1704261675496. black_friday_banner_02.jpg"
"659e5f3243c4227e736e50db","CHICKEN WITH 3 BREADS3","659e5b4443c4227e736e4d8c","[""[\""655ef6721532830df6b987bb\""]""]","13","655ef1cfb3999d1add24f83e","CHINEESE COMBO","no","no","no","imgae-1704261675496. black_friday_banner_02.jpg"
"659e5f3343c4227e736e50de","CHICKEN WITH 3 BREADS4","659e5b4443c4227e736e4d8c","[""[\""655ef6721532830df6b987bb\""]""]","15","655ef1cfb3999d1add24f83e","CHINEESE COMBO","no","no","no","imgae-1704261675496. black_friday_banner_02.jpg"
"659e5f3343c4227e736e50e1","CHICKEN WITH RICE","659e5b4443c4227e736e4d8c","[""[\""655ef6721532830df6b987bb\""]""]","13","655ef1cfb3999d1add24f83e","CHINEESE COMBO","no","no","no","imgae-1704261675496. black_friday_banner_02.jpg"
"659e5f3343c4227e736e50e4","BEEF WITH 3 BREADS1","659e5b4443c4227e736e4d8c","[""[\""655ef6721532830df6b987bb\""]""]","11","655ef1cfb3999d1add24f83e","CHINEESE COMBO","no","no","no","imgae-1704261675496. black_friday_banner_02.jpg"
"659e5f3343c4227e736e50e7","BEEF WITH 3 BREADS2","659e5b4443c4227e736e4d8c","[""[\""655ef6721532830df6b987bb\""]""]","12","655ef1cfb3999d1add24f83e","CHINEESE COMBO","no","no","no","imgae-1704261675496. black_friday_banner_02.jpg"
"659e5f3343c4227e736e50ea","BEEF WITH 3 BREADS3","659e5b4443c4227e736e4d8c","[""[\""655ef6721532830df6b987bb\""]""]","13","655ef1cfb3999d1add24f83e","CHINEESE COMBO","no","no","no","imgae-1704261675496. black_friday_banner_02.jpg"
"659e5f3343c4227e736e50ed","BEEF WITH RICE","659e5b4443c4227e736e4d8c","[""[\""655ef6721532830df6b987bb\""]""]","14","655ef1cfb3999d1add24f83e","CHINEESE COMBO","no","no","no","imgae-1704261675496. black_friday_banner_02.jpg"
"659e5f3343c4227e736e50f0","CHINEESE COMBO1","659e5b4443c4227e736e4d8c","[""[\""655ef6721532830df6b987bb\""]""]","17","655ef1cfb3999d1add24f83e","CHINEESE COMBO","no","no","no","imgae-1704261675496. black_friday_banner_02.jpg"
"659e5f3343c4227e736e50f3","CHINEESE COMBO2","659e5b4443c4227e736e4d8c","[""[\""655ef6721532830df6b987bb\""]""]","18","655ef1cfb3999d1add24f83e","CHINEESE COMBO","no","no","no","imgae-1704261675496. black_friday_banner_02.jpg"
"659e5f3343c4227e736e50f6","CHINEESE COMBO3","659e5b4443c4227e736e4d8c","[""[\""655ef6721532830df6b987bb\""]""]","22","655ef1cfb3999d1add24f83e","CHINEESE COMBO","no","no","no","imgae-1704261675496. black_friday_banner_02.jpg"
"659e5f3343c4227e736e50f9","CHINEESE COMBO4","659e5b4443c4227e736e4d8c","[""[\""655ef6721532830df6b987bb\""]""]","24","655ef1cfb3999d1add24f83e","CHINEESE COMBO","no","no","no","imgae-1704261675496. black_friday_banner_02.jpg"